First Name,Last Name,Email,Phone Number,Guardian Email Address,Country,Date Of Birth
Zara,Ahmed,zara.ahmed.y0001@yopmail.com,+1 (437) 826-1957,MichaelRoberts8003@yopmail.com,Canada,03/15/2010
Kai,Chen,kai.chen0002@yopmail.com,+1 (628) 594-7391,MichaelRoberts8003@yopmail.com,Australia,08/22/2011
Maya,Patel,maya.patel.y0003@yopmail.com,+1 (907) 351-6872,MichaelRoberts8003@yopmail.com,India,11/30/2009
Finn,O'Connor,finn.oconnor0004@yopmail.com,+1 (508) 782-4613,MichaelRoberts8003@yopmail.com,Ireland,06/12/2012
Aria,Singh,aria.singh.y0005@yopmail.com,+1 (831) 642-9503,MichaelRoberts8003@yopmail.com,United Kingdom,02/28/2010
Leo,Martinez,leo.martinez0006@yopmail.com,+1 (509) 784-2156,MichaelRoberts8003@yopmail.com,Spain,09/14/2011
Nova,Kim,nova.kim.y0007@yopmail.com,+1 (417) 923-1874,MichaelRoberts8003@yopmail.com,South Korea,04/07/2009
River,Johnson,river.johnson0008@yopmail.com,+1 (206) 394-8520,MichaelRoberts8003@yopmail.com,New Zealand,12/19/2012
Luna,Silva,luna.silva.y0009@yopmail.com,+1 (973) 461-5287,MichaelRoberts8003@yopmail.com,Brazil,07/25/2010
# Phoenix,Al-Rashid,phoenix.alrashid0010@yopmail.com,+1 (480) 736-2945,MichaelRoberts8003@yopmail.com,United Arab Emirates,01/11/2011
# Sage,Tanaka,sage.tanaka.y0011@yopmail.com,+1 (475) 826-1948,nicole.thompson@yopmail.com,Japan,10/03/2009
# Orion,Petrov,orion.petrov0012@yopmail.com,+1 (843) 571-6038,nicole.thompson@yopmail.com,Russia,05/18/2012
# Iris,Van Der Berg,iris.vanderberg.y0013@yopmail.com,+1 (602) 894-3167,nicole.thompson@yopmail.com,Netherlands,03/29/2010
# Atlas,Schmidt,atlas.schmidt0014@yopmail.com,+1 (702) 546-1803,nicole.thompson@yopmail.com,Germany,11/08/2011
# Willow,Andersson,willow.andersson.y0015@yopmail.com,+1 (385) 792-4681,nicole.thompson@yopmail.com,Sweden,08/16/2009
# Jasper,Moreau,jasper.moreau0016@yopmail.com,+1 (623) 827-5190,nicole.thompson@yopmail.com,France,02/14/2012
# Indigo,Rossi,indigo.rossi.y0017@yopmail.com,+1 (429) 673-8452,nicole.thompson@yopmail.com,Italy,06/27/2010
# Coral,Zhang,coral.zhang0018@yopmail.com,+1 (458) 194-6273,nicole.thompson@yopmail.com,China,09/22/2011
# Cedar,Olsen,cedar.olsen.y0019@yopmail.com,+1 (503) 762-8194,nicole.thompson@yopmail.com,Norway,04/19/2009
# Ocean,Petrovic,ocean.petrovic0020@yopmail.com,+1 (541) 839-6047,nicole.thompson@yopmail.com,Serbia,12/05/2012
# Storm,Ahmed,storm.ahmed.y0021@yopmail.com,+1 (971) 253-7196,nicole.thompson@yopmail.com,Egypt,07/11/2010
# Phoenix,Kim,phoenix.kim0022@yopmail.com,+1 (503) 472-8351,nicole.thompson@yopmail.com,South Korea,01/23/2011
# River,Silva,river.silva.y0023@yopmail.com,+1 (971) 689-2147,nicole.thompson@yopmail.com,Brazil,10/30/2009
# Luna,Patel,luna.patel0024@yopmail.com,+1 (458) 316-5279,nicole.thompson@yopmail.com,India,05/08/2012
# Sage,Chen,sage.chen.y0025@yopmail.com,+1 (541) 869-4032,nicole.thompson@yopmail.com,China,03/17/2010
# Atlas,Johnson,atlas.johnson0026@yopmail.com,+1 (503) 684-2179,nicole.thompson@yopmail.com,Canada,08/14/2011
# Iris,Martinez,iris.martinez.y0027@yopmail.com,+1 (971) 531-8946,nicole.thompson@yopmail.com,Spain,11/26/2009
# Orion,Schmidt,orion.schmidt0028@yopmail.com,+1 (541) 793-6184,nicole.thompson@yopmail.com,Germany,02/09/2012
# Willow,Andersson,willow.andersson0029@yopmail.com,+1 (971) 845-7296,nicole.thompson@yopmail.com,Sweden,06/21/2010
# Jasper,Moreau,jasper.moreau.y0030@yopmail.com,+1 (503) 967-1843,nicole.thompson@yopmail.com,France,09/04/2011
# Coral,Van Der Berg,coral.vanderberg0031@yopmail.com,+1 (541) 628-3095,nicole.thompson@yopmail.com,Netherlands,04/13/2009
# Cedar,Tanaka,cedar.tanaka.y0032@yopmail.com,+1 (458) 472-8617,nicole.thompson@yopmail.com,Japan,12/28/2012
# Ocean,Petrov,ocean.petrov0033@yopmail.com,+1 (971) 396-5472,nicole.thompson@yopmail.com,Russia,07/19/2010
# Storm,Ahmed,storm.ahmed0034@yopmail.com,+1 (503) 814-6295,nicole.thompson@yopmail.com,Egypt,01/31/2011
# Phoenix,Kim,phoenix.kim.y0035@yopmail.com,+1 (541) 357-9814,nicole.thompson@yopmail.com,South Korea,10/16/2009
# River,Silva,river.silva0036@yopmail.com,+1 (458) 839-6021,nicole.thompson@yopmail.com,Brazil,05/24/2012
# Luna,Patel,luna.patel.y0037@yopmail.com,+1 (971) 624-8194,nicole.thompson@yopmail.com,India,03/07/2010
# Sage,Chen,sage.chen0038@yopmail.com,+1 (503) 916-7483,nicole.thompson@yopmail.com,China,08/29/2011
# Atlas,Johnson,atlas.johnson0039@yopmail.com,+1 (541) 258-6947,nicole.thompson@yopmail.com,Canada,11/12/2009
# Iris,Martinez,iris.martinez0040@yopmail.com,+1 (458) 471-2369,nicole.thompson@yopmail.com,Spain,02/18/2012
# Orion,Schmidt,orion.schmidt.y0041@yopmail.com,+1 (971) 537-6284,nicole.thompson@yopmail.com,Germany,06/06/2010
# Willow,Andersson,willow.andersson0042@yopmail.com,+1 (503) 694-1825,nicole.thompson@yopmail.com,Sweden,09/25/2011
# Jasper,Moreau,jasper.moreau.y0043@yopmail.com,+1 (541) 976-4158,nicole.thompson@yopmail.com,France,04/02/2009
# Coral,Van Der Berg,coral.vanderberg0044@yopmail.com,+1 (971) 683-2147,nicole.thompson@yopmail.com,Netherlands,12/14/2012
# Cedar,Tanaka,cedar.tanaka0045@yopmail.com,+1 (458) 527-8391,nicole.thompson@yopmail.com,Japan,07/08/2010
# Ocean,Petrov,ocean.petrov.y0046@yopmail.com,+1 (503) 289-6147,nicole.thompson@yopmail.com,Russia,01/20/2011
# Storm,Ahmed,storm.ahmed0047@yopmail.com,+1 (541) 864-2937,nicole.thompson@yopmail.com,Egypt,10/27/2009
# Phoenix,Kim,phoenix.kim.y0048@yopmail.com,+1 (971) 452-8713,nicole.thompson@yopmail.com,South Korea,05/15/2012
# River,Silva,river.silva0049@yopmail.com,+1 (503) 847-2956,nicole.thompson@yopmail.com,Brazil,03/03/2010
# Luna,Patel,luna.patel0050@yopmail.com,+1 (458) 316-8279,nicole.thompson@yopmail.com,India,08/11/2011